id,profile_id,date
313,fda0d9e3-0a6b-4461-9659-05fd2279d677,2023-09-21
314,b5341f96-3b50-4e74-9516-f47cbfc91e89,2023-09-18
315,fa5fe915-4e53-4f15-8a11-a4fa0a855a74,2023-09-28
316,d6ae390f-12d2-4c2b-a943-997d297deff8,2023-09-24
317,fda0d9e3-0a6b-4461-9659-05fd2279d677,2023-09-24
319,651470f9-498e-48af-b635-5c458ad63063,2023-09-28
320,469b4055-8be0-48e7-aa2b-ef2e848e5c69,2023-09-21
321,651470f9-498e-48af-b635-5c458ad63063,2023-09-19
323,fda0d9e3-0a6b-4461-9659-05fd2279d677,2023-09-26
324,f3ad0a10-6fd4-45ea-9cbe-39696d857dd9,2023-09-24
325,469b4055-8be0-48e7-aa2b-ef2e848e5c69,2023-09-20
326,469b4055-8be0-48e7-aa2b-ef2e848e5c69,2023-09-19
327,469b4055-8be0-48e7-aa2b-ef2e848e5c69,2023-10-01
328,f3ad0a10-6fd4-45ea-9cbe-39696d857dd9,2023-09-29
329,fa5fe915-4e53-4f15-8a11-a4fa0a855a74,2023-09-19
330,fa5fe915-4e53-4f15-8a11-a4fa0a855a74,2023-09-20
331,d6ae390f-12d2-4c2b-a943-997d297deff8,2023-09-21
332,651470f9-498e-48af-b635-5c458ad63063,2023-09-26
333,469b4055-8be0-48e7-aa2b-ef2e848e5c69,2023-09-26
334,d6ae390f-12d2-4c2b-a943-997d297deff8,2023-09-30
335,fa5fe915-4e53-4f15-8a11-a4fa0a855a74,2023-09-25
312,b5341f96-3b50-4e74-9516-f47cbfc91e89,2023-09-27
336,651470f9-498e-48af-b635-5c458ad63063,2023-09-21
339,fda0d9e3-0a6b-4461-9659-05fd2279d677,2023-10-03
340,651470f9-498e-48af-b635-5c458ad63063,2023-10-02
341,b5341f96-3b50-4e74-9516-f47cbfc91e89,2023-10-04
342,d6ae390f-12d2-4c2b-a943-997d297deff8,2023-10-06
322,fda0d9e3-0a6b-4461-9659-05fd2279d677,2023-09-25
318,b5341f96-3b50-4e74-9516-f47cbfc91e89,2023-09-21
343,fa5fe915-4e53-4f15-8a11-a4fa0a855a74,2023-09-30
354,fa5fe915-4e53-4f15-8a11-a4fa0a855a74,2023-10-05
359,fa5fe915-4e53-4f15-8a11-a4fa0a855a74,2023-10-02
360,fa5fe915-4e53-4f15-8a11-a4fa0a855a74,2023-10-04
361,fa5fe915-4e53-4f15-8a11-a4fa0a855a74,2023-09-22
362,fda0d9e3-0a6b-4461-9659-05fd2279d677,2023-09-22
337,d6ae390f-12d2-4c2b-a943-997d297deff8,2023-09-23
338,b5341f96-3b50-4e74-9516-f47cbfc91e89,2023-09-30
477,82042e8a-17c6-44b4-8203-2ccca6c4a032,2023-09-21
